{
	"CuMat": [
		[
			6.67235
		],
		[
			11.4695
		],
		[
			28.5841
		],
		[
			48.5979
		],
		[
			74.1389
		],
		[
			201.583
		],
		[
			599.841
		]
	],
	"Eigen": [
		[
			0.016925
		],
		[
			0.108658
		],
		[
			1.39876
		],
		[
			9.85785
		],
		[
			68.4403
		],
		[
			1378.28
		],
		[
			12826.8
		]
	]
}