{
	"CuBlas": [
		[
			0.0137017
		],
		[
			0.0146347
		],
		[
			0.20513
		],
		[
			20.05
		]
	],
	"CuMat_CSR": [
		[
			0.0177778
		],
		[
			0.0159715
		],
		[
			0.163467
		],
		[
			17.6895
		]
	],
	"CuMat_ELLPACK": [
		[
			0.0136334
		],
		[
			0.0151068
		],
		[
			0.144412
		],
		[
			19.6214
		]
	],
	"Eigen": [
		[
			0.0011236
		],
		[
			0.189369
		],
		[
			1.75925
		],
		[
			189.854
		]
	]
}