{
	"CUB": [
		[
			0.139139
		],
		[
			0.147482
		],
		[
			0.159172
		],
		[
			0.117311
		],
		[
			0.103987
		],
		[
			0.109306
		],
		[
			0.288464
		],
		[
			2.06933
		]
	],
	"CuBlas": [
		[
			0.126353
		],
		[
			0.109557
		],
		[
			0.103509
		],
		[
			0.083766
		],
		[
			0.106331
		],
		[
			0.112654
		],
		[
			0.29052
		],
		[
			2.29648
		]
	],
	"CuMat": [
		[
			0.111917
		],
		[
			0.148187
		],
		[
			0.160765
		],
		[
			0.162907
		],
		[
			0.140979
		],
		[
			0.162441
		],
		[
			0.39226
		],
		[
			2.37392
		]
	],
	"Eigen": [
		[
			8.53e-05
		],
		[
			8.53e-05
		],
		[
			0.0001991
		],
		[
			0.0014222
		],
		[
			0.014336
		],
		[
			0.468679
		],
		[
			5.61433
		],
		[
			54.3605
		]
	],
	"Thrust": [
		[
			0.162318
		],
		[
			0.183814
		],
		[
			0.141576
		],
		[
			0.140632
		],
		[
			0.16766
		],
		[
			0.240495
		],
		[
			0.315201
		],
		[
			2.16443
		]
	]
}