{
	"CuBlas": [
		[
			0.0383488
		],
		[
			0.0746325
		],
		[
			0.108211
		],
		[
			0.142171
		],
		[
			0.175667
		],
		[
			0.206424
		],
		[
			0.245222
		],
		[
			0.273985
		],
		[
			0.312243
		],
		[
			0.344559
		]
	],
	"CuMat": [
		[
			0.0368185
		],
		[
			0.0433123
		],
		[
			0.0531427
		],
		[
			0.0654791
		],
		[
			0.0775026
		],
		[
			0.0930617
		],
		[
			0.0978773
		],
		[
			0.109534
		],
		[
			0.12119
		],
		[
			0.131331
		]
	],
	"Eigen": [
		[
			2.06953
		],
		[
			2.16175
		],
		[
			2.75173
		],
		[
			2.71802
		],
		[
			3.10502
		],
		[
			3.39939
		],
		[
			3.49215
		],
		[
			3.87664
		],
		[
			4.34837
		],
		[
			4.56948
		]
	],
	"Numpy": [
		[
			3.77802
		],
		[
			9.12045
		],
		[
			14.1014
		],
		[
			19.6244
		],
		[
			24.6191
		],
		[
			29.1468
		],
		[
			36.6646
		],
		[
			42.0345
		],
		[
			47.0714
		],
		[
			50.2614
		]
	]
}