{
	"CuBlas": [
		[
			0.0119211
		],
		[
			0.0138894
		],
		[
			0.0162304
		],
		[
			0.0195698
		],
		[
			0.0968106
		],
		[
			0.630121
		],
		[
			3.14698
		]
	],
	"CuMat": [
		[
			0.0151268
		],
		[
			0.0148309
		],
		[
			0.0196722
		],
		[
			0.0170183
		],
		[
			0.0474169
		],
		[
			0.338685
		],
		[
			2.00751
		]
	],
	"Eigen": [
		[
			0.0004551
		],
		[
			0.00064
		],
		[
			0.00809245
		],
		[
			0.0730595
		],
		[
			2.42455
		],
		[
			23.662
		],
		[
			119.475
		]
	],
	"Numpy": [
		[
			0.00574578
		],
		[
			0.00782222
		],
		[
			0.0304071
		],
		[
			0.286407
		],
		[
			9.24436
		],
		[
			94.8819
		],
		[
			460.424
		]
	]
}